{"initial_reset_timestamp": 1548169770.7680461, "timestamps": [1548169779.412291], "episode_lengths": [500], "episode_rewards": [500.0], "episode_types": ["t"]}