{"initial_reset_timestamp": 1549892288.245188, "timestamps": [1549892306.1885161], "episode_lengths": [500], "episode_rewards": [500.0], "episode_types": ["t"]}